{"mean":{"confidence_interval":{"confidence_level":0.95,"lower_bound":1.9335523684538745,"upper_bound":1.9610895526639085},"point_estimate":1.9468353761370019,"standard_error":0.007030758758944135},"median":{"confidence_interval":{"confidence_level":0.95,"lower_bound":1.918961573798477,"upper_bound":1.9430128022796338},"point_estimate":1.928935600107893,"standard_error":0.006031243206291057},"median_abs_dev":{"confidence_interval":{"confidence_level":0.95,"lower_bound":0.033733185264882046,"upper_bound":0.0690385091410864},"point_estimate":0.05300824209236559,"standard_error":0.008896453472842321},"slope":{"confidence_interval":{"confidence_level":0.95,"lower_bound":1.9224766034019758,"upper_bound":1.950091141526341},"point_estimate":1.9359653267255517,"standard_error":0.007056829490832513},"std_dev":{"confidence_interval":{"confidence_level":0.95,"lower_bound":0.05536767169926346,"upper_bound":0.08448846484023827},"point_estimate":0.07055934052999892,"standard_error":0.007426041757696961}}