{"mean":{"confidence_interval":{"confidence_level":0.95,"lower_bound":4.3169081051368625,"upper_bound":4.356396723598932},"point_estimate":4.3359859889164065,"standard_error":0.010056594085961414},"median":{"confidence_interval":{"confidence_level":0.95,"lower_bound":4.294025056401747,"upper_bound":4.329163569613401},"point_estimate":4.306472474241666,"standard_error":0.007981958060972244},"median_abs_dev":{"confidence_interval":{"confidence_level":0.95,"lower_bound":0.04791635974596176,"upper_bound":0.08477892118020663},"point_estimate":0.06530645502599532,"standard_error":0.009986884588214277},"slope":{"confidence_interval":{"confidence_level":0.95,"lower_bound":4.318785426604783,"upper_bound":4.3688214719068075},"point_estimate":4.342939996104032,"standard_error":0.012819425483291576},"std_dev":{"confidence_interval":{"confidence_level":0.95,"lower_bound":0.0814861778337164,"upper_bound":0.11796736140547928},"point_estimate":0.10129980237823931,"standard_error":0.009319384258083319}}