{"mean":{"confidence_interval":{"confidence_level":0.95,"lower_bound":5.860628159616022,"upper_bound":5.918826177107754},"point_estimate":5.8892224189859,"standard_error":0.01483315483524289},"median":{"confidence_interval":{"confidence_level":0.95,"lower_bound":5.821928489986034,"upper_bound":5.872705946318304},"point_estimate":5.846109992479561,"standard_error":0.012101534754676084},"median_abs_dev":{"confidence_interval":{"confidence_level":0.95,"lower_bound":0.07853771695417565,"upper_bound":0.14185608295848973},"point_estimate":0.09706122515955655,"standard_error":0.01642817084224805},"slope":{"confidence_interval":{"confidence_level":0.95,"lower_bound":5.848183030524973,"upper_bound":5.926961626966959},"point_estimate":5.886772545569758,"standard_error":0.02014694454391626},"std_dev":{"confidence_interval":{"confidence_level":0.95,"lower_bound":0.12668251177820242,"upper_bound":0.16715803661870188},"point_estimate":0.1488451457893381,"standard_error":0.010339028799929205}}