{"mean":{"confidence_interval":{"confidence_level":0.95,"lower_bound":5.875990432390273,"upper_bound":5.998972581754812},"point_estimate":5.926840993510052,"standard_error":0.031986570968933294},"median":{"confidence_interval":{"confidence_level":0.95,"lower_bound":5.83168273694018,"upper_bound":5.923577882876977},"point_estimate":5.863467204753798,"standard_error":0.024322511469964468},"median_abs_dev":{"confidence_interval":{"confidence_level":0.95,"lower_bound":0.1252379090381302,"upper_bound":0.19533471519570889},"point_estimate":0.17207010989255392,"standard_error":0.017953664261803174},"slope":{"confidence_interval":{"confidence_level":0.95,"lower_bound":5.834387583967735,"upper_bound":5.90436967811174},"point_estimate":5.869182285920041,"standard_error":0.01789296478966141},"std_dev":{"confidence_interval":{"confidence_level":0.95,"lower_bound":0.13774580044276535,"upper_bound":0.5088473902903715},"point_estimate":0.3207279153530091,"standard_error":0.12223877820202682}}