{"mean":{"confidence_interval":{"confidence_level":0.95,"lower_bound":14.664994244748277,"upper_bound":14.824102404493377},"point_estimate":14.743457642794004,"standard_error":0.04065534154140188},"median":{"confidence_interval":{"confidence_level":0.95,"lower_bound":14.585928765885459,"upper_bound":14.785561544000524},"point_estimate":14.711040597738197,"standard_error":0.06653701367327688},"median_abs_dev":{"confidence_interval":{"confidence_level":0.95,"lower_bound":0.31260784842855194,"upper_bound":0.5167807522695478},"point_estimate":0.41040442077282824,"standard_error":0.0496094658803022},"slope":{"confidence_interval":{"confidence_level":0.95,"lower_bound":14.558845038905702,"upper_bound":14.742642245328542},"point_estimate":14.64635491391446,"standard_error":0.046846089959133225},"std_dev":{"confidence_interval":{"confidence_level":0.95,"lower_bound":0.34950984654024964,"upper_bound":0.4575471982854565},"point_estimate":0.40780680594684493,"standard_error":0.027560152814702064}}