{"mean":{"confidence_interval":{"confidence_level":0.95,"lower_bound":307.3134951736512,"upper_bound":310.87025097632073},"point_estimate":309.0716246335779,"standard_error":0.906903109945544},"median":{"confidence_interval":{"confidence_level":0.95,"lower_bound":305.01348310427556,"upper_bound":311.4254177967841},"point_estimate":308.70355866601517,"standard_error":1.5615458065557428},"median_abs_dev":{"confidence_interval":{"confidence_level":0.95,"lower_bound":8.847553941606279,"upper_bound":13.407031778397515},"point_estimate":11.90210001991865,"standard_error":1.202676347885305},"slope":{"confidence_interval":{"confidence_level":0.95,"lower_bound":308.12584138085157,"upper_bound":312.17330929656583},"point_estimate":310.1345704155308,"standard_error":1.027711052623742},"std_dev":{"confidence_interval":{"confidence_level":0.95,"lower_bound":8.152689866202302,"upper_bound":9.966057272965267},"point_estimate":9.118312223176467,"standard_error":0.4623101449416335}}