{"mean":{"confidence_interval":{"confidence_level":0.95,"lower_bound":42.72317747959431,"upper_bound":43.2856624919426},"point_estimate":42.990008425723715,"standard_error":0.14377883728345808},"median":{"confidence_interval":{"confidence_level":0.95,"lower_bound":42.274067296940125,"upper_bound":42.81063592191825},"point_estimate":42.43410134835263,"standard_error":0.15586499259026268},"median_abs_dev":{"confidence_interval":{"confidence_level":0.95,"lower_bound":0.7129894951453339,"upper_bound":1.47682422762506},"point_estimate":1.0190226160628348,"standard_error":0.20005844624612534},"slope":{"confidence_interval":{"confidence_level":0.95,"lower_bound":42.369556006459284,"upper_bound":42.84097614850087},"point_estimate":42.59456060682236,"standard_error":0.12069791889507392},"std_dev":{"confidence_interval":{"confidence_level":0.95,"lower_bound":1.080634995794107,"upper_bound":1.8825003453719422},"point_estimate":1.4467976776733,"standard_error":0.22795747536593872}}