{"mean":{"confidence_interval":{"confidence_level":0.95,"lower_bound":553.906140428223,"upper_bound":559.1144166952554},"point_estimate":556.4811788759557,"standard_error":1.3309179687864752},"median":{"confidence_interval":{"confidence_level":0.95,"lower_bound":552.1381125837951,"upper_bound":560.0924123131147},"point_estimate":556.7494210826594,"standard_error":2.0953444644572534},"median_abs_dev":{"confidence_interval":{"confidence_level":0.95,"lower_bound":10.51392100087292,"upper_bound":16.83596186616924},"point_estimate":12.973796967108429,"standard_error":1.6230537950696866},"slope":{"confidence_interval":{"confidence_level":0.95,"lower_bound":551.2645673584531,"upper_bound":558.4622903930916},"point_estimate":554.7200784735688,"standard_error":1.8450268474318596},"std_dev":{"confidence_interval":{"confidence_level":0.95,"lower_bound":11.48278648577371,"upper_bound":15.027670103120531},"point_estimate":13.332443110633736,"standard_error":0.9087381703577093}}