{"mean":{"confidence_interval":{"confidence_level":0.95,"lower_bound":3.438448790272567,"upper_bound":3.4797309207626514},"point_estimate":3.458794822035392,"standard_error":0.010522014558774603},"median":{"confidence_interval":{"confidence_level":0.95,"lower_bound":3.4132729907923154,"upper_bound":3.478510131753127},"point_estimate":3.443029385985021,"standard_error":0.015927977679185783},"median_abs_dev":{"confidence_interval":{"confidence_level":0.95,"lower_bound":0.08874284118802096,"upper_bound":0.14711863263474104},"point_estimate":0.11959037225873778,"standard_error":0.015075422731604074},"slope":{"confidence_interval":{"confidence_level":0.95,"lower_bound":3.43728842135183,"upper_bound":3.4805952216227323},"point_estimate":3.4583843610773917,"standard_error":0.011080846185632577},"std_dev":{"confidence_interval":{"confidence_level":0.95,"lower_bound":0.09135659384771919,"upper_bound":0.1195480008808756},"point_estimate":0.1060366498323613,"standard_error":0.007194095277095968}}