{"mean":{"confidence_interval":{"confidence_level":0.95,"lower_bound":38.70730316001739,"upper_bound":39.43054345930616},"point_estimate":38.98298344007146,"standard_error":0.1969794900584501},"median":{"confidence_interval":{"confidence_level":0.95,"lower_bound":38.59049737803909,"upper_bound":38.785278253358825},"point_estimate":38.65956953005428,"standard_error":0.053827275864782656},"median_abs_dev":{"confidence_interval":{"confidence_level":0.95,"lower_bound":0.2335377921533645,"upper_bound":0.46842821793698364},"point_estimate":0.36186908061255757,"standard_error":0.06281220119463987},"slope":{"confidence_interval":{"confidence_level":0.95,"lower_bound":38.66561138424074,"upper_bound":38.860963358166515},"point_estimate":38.75841855147564,"standard_error":0.049935293345890905},"std_dev":{"confidence_interval":{"confidence_level":0.95,"lower_bound":0.5098763629137024,"upper_bound":3.28834704375381},"point_estimate":1.9706176750047129,"standard_error":0.947619109024099}}