{"mean":{"confidence_interval":{"confidence_level":0.95,"lower_bound":308.5627575381737,"upper_bound":311.3187645396607},"point_estimate":309.9224312168074,"standard_error":0.7040055880797814},"median":{"confidence_interval":{"confidence_level":0.95,"lower_bound":305.49540993985437,"upper_bound":310.60934643024194},"point_estimate":307.6191824394439,"standard_error":1.1451303157989454},"median_abs_dev":{"confidence_interval":{"confidence_level":0.95,"lower_bound":4.143753859615893,"upper_bound":9.257825175697729},"point_estimate":6.470178192718163,"standard_error":1.2530378982274641},"slope":{"confidence_interval":{"confidence_level":0.95,"lower_bound":308.7498264939618,"upper_bound":311.7851754958214},"point_estimate":310.2100505156184,"standard_error":0.7727797046729437},"std_dev":{"confidence_interval":{"confidence_level":0.95,"lower_bound":6.182463059915917,"upper_bound":7.835383965285466},"point_estimate":7.088469269180002,"standard_error":0.42111413858985136}}