{"mean":{"confidence_interval":{"confidence_level":0.95,"lower_bound":2.402470494625402,"upper_bound":2.4259271643415543},"point_estimate":2.41394454107281,"standard_error":0.0059777820691891735},"median":{"confidence_interval":{"confidence_level":0.95,"lower_bound":2.3888181314403214,"upper_bound":2.415335977324708},"point_estimate":2.3999667443462,"standard_error":0.006068218166314996},"median_abs_dev":{"confidence_interval":{"confidence_level":0.95,"lower_bound":0.0434193531534305,"upper_bound":0.07534998257416153},"point_estimate":0.05516924908150774,"standard_error":0.007635955006768702},"slope":{"confidence_interval":{"confidence_level":0.95,"lower_bound":2.390590601320941,"upper_bound":2.4137813258984746},"point_estimate":2.401774876629399,"standard_error":0.005929541502746486},"std_dev":{"confidence_interval":{"confidence_level":0.95,"lower_bound":0.05157036736693901,"upper_bound":0.06716629818499213},"point_estimate":0.05989730814074109,"standard_error":0.003972157573723113}}