{"mean":{"confidence_interval":{"confidence_level":0.95,"lower_bound":28339.017328017413,"upper_bound":28734.110617575276},"point_estimate":28527.547484017025,"standard_error":100.50637457632993},"median":{"confidence_interval":{"confidence_level":0.95,"lower_bound":28027.971043349644,"upper_bound":28554.313725490196},"point_estimate":28321.787464985995,"standard_error":134.65862560701856},"median_abs_dev":{"confidence_interval":{"confidence_level":0.95,"lower_bound":658.8059808089629,"upper_bound":1069.8645296899183},"point_estimate":903.1010948262461,"standard_error":103.59343994939752},"slope":{"confidence_interval":{"confidence_level":0.95,"lower_bound":28196.151760602294,"upper_bound":28556.883124131848},"point_estimate":28373.502933787673,"standard_error":91.91398422514298},"std_dev":{"confidence_interval":{"confidence_level":0.95,"lower_bound":744.0514628393175,"upper_bound":1302.3654241299298},"point_estimate":1009.6456097024912,"standard_error":148.24079788309254}}