{"mean":{"confidence_interval":{"confidence_level":0.95,"lower_bound":99.96653809745958,"upper_bound":101.40489592626805},"point_estimate":100.65648387319621,"standard_error":0.36773662642016647},"median":{"confidence_interval":{"confidence_level":0.95,"lower_bound":98.788906266024,"upper_bound":100.35610095636672},"point_estimate":99.17534128135239,"standard_error":0.5002494557739104},"median_abs_dev":{"confidence_interval":{"confidence_level":0.95,"lower_bound":1.9849735861132,"upper_bound":4.055031837950957},"point_estimate":2.9810296192465287,"standard_error":0.5257441362583302},"slope":{"confidence_interval":{"confidence_level":0.95,"lower_bound":99.28018004327048,"upper_bound":100.80126290290004},"point_estimate":100.0078741814979,"standard_error":0.3879879416581117},"std_dev":{"confidence_interval":{"confidence_level":0.95,"lower_bound":2.841522010438073,"upper_bound":4.596643129212616},"point_estimate":3.6977534290082965,"standard_error":0.4573074495561532}}