{"mean":{"confidence_interval":{"confidence_level":0.95,"lower_bound":5.940632548609125,"upper_bound":6.005405203762529},"point_estimate":5.971922070173939,"standard_error":0.016546951895111503},"median":{"confidence_interval":{"confidence_level":0.95,"lower_bound":5.878966177052351,"upper_bound":5.957966639504885},"point_estimate":5.915453501713181,"standard_error":0.018270780004270046},"median_abs_dev":{"confidence_interval":{"confidence_level":0.95,"lower_bound":0.08785879662866557,"upper_bound":0.1850975250357876},"point_estimate":0.13699138662394567,"standard_error":0.02396954201180069},"slope":{"confidence_interval":{"confidence_level":0.95,"lower_bound":5.907729640739664,"upper_bound":5.975573267990876},"point_estimate":5.940333965612821,"standard_error":0.017427656560068207},"std_dev":{"confidence_interval":{"confidence_level":0.95,"lower_bound":0.13408495600452258,"upper_bound":0.2008538755076848},"point_estimate":0.16590157978503045,"standard_error":0.01756956877288265}}