{"mean":{"confidence_interval":{"confidence_level":0.95,"lower_bound":2910.908873208486,"upper_bound":2946.301741842741},"point_estimate":2928.302617898517,"standard_error":9.049660121151248},"median":{"confidence_interval":{"confidence_level":0.95,"lower_bound":2880.6490134058145,"upper_bound":2951.530299938788},"point_estimate":2911.796220832868,"standard_error":15.176014713189122},"median_abs_dev":{"confidence_interval":{"confidence_level":0.95,"lower_bound":75.36998132161519,"upper_bound":129.3136773385294},"point_estimate":99.05815648918104,"standard_error":13.177089704698208},"slope":{"confidence_interval":{"confidence_level":0.95,"lower_bound":2882.638464652938,"upper_bound":2919.7236147293293},"point_estimate":2900.5692181776685,"standard_error":9.472566960149651},"std_dev":{"confidence_interval":{"confidence_level":0.95,"lower_bound":80.19855368942355,"upper_bound":100.25217860506845},"point_estimate":90.86153318732666,"standard_error":5.120073321752665}}