{"mean":{"confidence_interval":{"confidence_level":0.95,"lower_bound":4.832119936564842,"upper_bound":4.940772069072009},"point_estimate":4.879711552863117,"standard_error":0.027905896662143576},"median":{"confidence_interval":{"confidence_level":0.95,"lower_bound":4.805466670371883,"upper_bound":4.894920686387253},"point_estimate":4.855005837293613,"standard_error":0.020791961238259195},"median_abs_dev":{"confidence_interval":{"confidence_level":0.95,"lower_bound":0.14083156681253378,"upper_bound":0.22097104118429808},"point_estimate":0.19489083408611635,"standard_error":0.021679851795258075},"slope":{"confidence_interval":{"confidence_level":0.95,"lower_bound":4.81721944132557,"upper_bound":4.943307121740196},"point_estimate":4.871152794670415,"standard_error":0.032345355315160904},"std_dev":{"confidence_interval":{"confidence_level":0.95,"lower_bound":0.15287483563457474,"upper_bound":0.4232168337749617},"point_estimate":0.2806539353261317,"standard_error":0.0854240885258177}}