{"mean":{"confidence_interval":{"confidence_level":0.95,"lower_bound":28687.514858555438,"upper_bound":29035.116629512937},"point_estimate":28855.13989729992,"standard_error":88.86153815028148},"median":{"confidence_interval":{"confidence_level":0.95,"lower_bound":28545.054945054944,"upper_bound":28881.981566820275},"point_estimate":28705.767477203648,"standard_error":86.45926877516445},"median_abs_dev":{"confidence_interval":{"confidence_level":0.95,"lower_bound":565.4695788228929,"upper_bound":947.8497914130478},"point_estimate":723.230633776633,"standard_error":93.29976727820731},"slope":{"confidence_interval":{"confidence_level":0.95,"lower_bound":28340.508256285226,"upper_bound":28785.8243700634},"point_estimate":28543.414427157,"standard_error":113.9179702947669},"std_dev":{"confidence_interval":{"confidence_level":0.95,"lower_bound":691.273535592284,"upper_bound":1087.8747908199061},"point_estimate":893.4313727900632,"standard_error":101.99299559905327}}