{"mean":{"confidence_interval":{"confidence_level":0.95,"lower_bound":9.768021656593552,"upper_bound":9.886900499689403},"point_estimate":9.827787736617559,"standard_error":0.030298666712483203},"median":{"confidence_interval":{"confidence_level":0.95,"lower_bound":9.734630369263188,"upper_bound":9.948672931447183},"point_estimate":9.852660133258501,"standard_error":0.057113879813463775},"median_abs_dev":{"confidence_interval":{"confidence_level":0.95,"lower_bound":0.2564064416470393,"upper_bound":0.43053788580909574},"point_estimate":0.3520712701541968,"standard_error":0.045319246961331876},"slope":{"confidence_interval":{"confidence_level":0.95,"lower_bound":9.675363818481728,"upper_bound":9.801457626436589},"point_estimate":9.738235369118163,"standard_error":0.03204721708016677},"std_dev":{"confidence_interval":{"confidence_level":0.95,"lower_bound":0.27024498242192696,"upper_bound":0.3331848090014343},"point_estimate":0.3035342047813087,"standard_error":0.01605778476589734}}