{"mean":{"confidence_interval":{"confidence_level":0.95,"lower_bound":41.516753072998206,"upper_bound":41.934652203716695},"point_estimate":41.72153610509801,"standard_error":0.10667736931700171},"median":{"confidence_interval":{"confidence_level":0.95,"lower_bound":41.48589032147602,"upper_bound":41.84282429658917},"point_estimate":41.65054155207809,"standard_error":0.08870176009933373},"median_abs_dev":{"confidence_interval":{"confidence_level":0.95,"lower_bound":0.6375279744368433,"upper_bound":1.173172502883728},"point_estimate":0.8923918492259326,"standard_error":0.13386863631634416},"slope":{"confidence_interval":{"confidence_level":0.95,"lower_bound":41.636047537569944,"upper_bound":41.96564618845432},"point_estimate":41.79978052088543,"standard_error":0.0836323355023089},"std_dev":{"confidence_interval":{"confidence_level":0.95,"lower_bound":0.8357764082287841,"upper_bound":1.3069325959007727},"point_estimate":1.0746389166159733,"standard_error":0.12101284441889984}}