{"mean":{"confidence_interval":{"confidence_level":0.95,"lower_bound":44.75080957684238,"upper_bound":45.213170056987494},"point_estimate":44.97772843795461,"standard_error":0.11819732429168268},"median":{"confidence_interval":{"confidence_level":0.95,"lower_bound":44.68624642355985,"upper_bound":45.07419361826571},"point_estimate":44.92750849986411,"standard_error":0.09543913631648908},"median_abs_dev":{"confidence_interval":{"confidence_level":0.95,"lower_bound":0.7943549433586011,"upper_bound":1.3385550373580277},"point_estimate":1.0627801502165304,"standard_error":0.13578468110350667},"slope":{"confidence_interval":{"confidence_level":0.95,"lower_bound":44.21861613605606,"upper_bound":44.838446602247586},"point_estimate":44.520686298079575,"standard_error":0.15864168627488098},"std_dev":{"confidence_interval":{"confidence_level":0.95,"lower_bound":1.0133552855777666,"upper_bound":1.3441008547332014},"point_estimate":1.1890692470610094,"standard_error":0.08463233840764997}}