{"mean":{"confidence_interval":{"confidence_level":0.95,"lower_bound":45.94746835414826,"upper_bound":46.36969561662262},"point_estimate":46.15162757265573,"standard_error":0.10748809350539834},"median":{"confidence_interval":{"confidence_level":0.95,"lower_bound":45.69318648631418,"upper_bound":46.14723467862481},"point_estimate":45.82870143573125,"standard_error":0.10567312692778409},"median_abs_dev":{"confidence_interval":{"confidence_level":0.95,"lower_bound":0.6126855823361868,"upper_bound":1.1208486110894937},"point_estimate":0.7930540063217326,"standard_error":0.13416165139909014},"slope":{"confidence_interval":{"confidence_level":0.95,"lower_bound":45.50591445680103,"upper_bound":46.017019408949736},"point_estimate":45.74820244557084,"standard_error":0.1303934763477863},"std_dev":{"confidence_interval":{"confidence_level":0.95,"lower_bound":0.8706399862948734,"upper_bound":1.287836871494461},"point_estimate":1.0796053235155556,"standard_error":0.10706788590897166}}