{"mean":{"confidence_interval":{"confidence_level":0.95,"lower_bound":4.189024192202267,"upper_bound":4.232147870725563},"point_estimate":4.210367600365376,"standard_error":0.010985578938268218},"median":{"confidence_interval":{"confidence_level":0.95,"lower_bound":4.166536423196851,"upper_bound":4.23606362651274},"point_estimate":4.210239123442237,"standard_error":0.01768871854366419},"median_abs_dev":{"confidence_interval":{"confidence_level":0.95,"lower_bound":0.0960092725723038,"upper_bound":0.14827871439870835},"point_estimate":0.13528970219709632,"standard_error":0.013593160538343294},"slope":{"confidence_interval":{"confidence_level":0.95,"lower_bound":4.154386223029153,"upper_bound":4.210491012147183},"point_estimate":4.181904435479298,"standard_error":0.014310356527996853},"std_dev":{"confidence_interval":{"confidence_level":0.95,"lower_bound":0.09532337650244103,"upper_bound":0.12531625608496563},"point_estimate":0.11041854372364562,"standard_error":0.0077109131090216}}