{"mean":{"confidence_interval":{"confidence_level":0.95,"lower_bound":28594.767951094935,"upper_bound":28946.176415407324},"point_estimate":28768.342759871146,"standard_error":89.56605352701514},"median":{"confidence_interval":{"confidence_level":0.95,"lower_bound":28386.766917293233,"upper_bound":28922.43216737496},"point_estimate":28522.424969987995,"standard_error":153.35971709420483},"median_abs_dev":{"confidence_interval":{"confidence_level":0.95,"lower_bound":710.6203651617459,"upper_bound":1133.777274132974},"point_estimate":926.8897335444167,"standard_error":110.65152730727002},"slope":{"confidence_interval":{"confidence_level":0.95,"lower_bound":28303.701880194643,"upper_bound":28643.38942767815},"point_estimate":28473.11663746332,"standard_error":87.10901502965629},"std_dev":{"confidence_interval":{"confidence_level":0.95,"lower_bound":776.5060251971253,"upper_bound":1006.4830162809033},"point_estimate":898.8113310787145,"standard_error":58.55109858114861}}