{"mean":{"confidence_interval":{"confidence_level":0.95,"lower_bound":27439.73719715294,"upper_bound":27852.382551916122},"point_estimate":27623.213308929146,"standard_error":105.23434049490947},"median":{"confidence_interval":{"confidence_level":0.95,"lower_bound":27174.24670433145,"upper_bound":27375.816993464054},"point_estimate":27262.189180107525,"standard_error":55.533139447887535},"median_abs_dev":{"confidence_interval":{"confidence_level":0.95,"lower_bound":250.3185249677243,"upper_bound":609.3750862992222},"point_estimate":434.6204144470641,"standard_error":97.84546177124217},"slope":{"confidence_interval":{"confidence_level":0.95,"lower_bound":27327.305756408114,"upper_bound":27643.38556628907},"point_estimate":27473.21099124838,"standard_error":80.87414221742853},"std_dev":{"confidence_interval":{"confidence_level":0.95,"lower_bound":607.8678673456698,"upper_bound":1550.2210698448555},"point_estimate":1057.7647525739644,"standard_error":286.26164555817235}}