{"mean":{"confidence_interval":{"confidence_level":0.95,"lower_bound":3.028549623150841,"upper_bound":3.073067880459244},"point_estimate":3.0499601398214686,"standard_error":0.01136193573067454},"median":{"confidence_interval":{"confidence_level":0.95,"lower_bound":3.022079465262834,"upper_bound":3.070405909447693},"point_estimate":3.0422275028727883,"standard_error":0.01192383907937752},"median_abs_dev":{"confidence_interval":{"confidence_level":0.95,"lower_bound":0.08541200299635997,"upper_bound":0.12222457056328045},"point_estimate":0.10861795656596311,"standard_error":0.00884134741929486},"slope":{"confidence_interval":{"confidence_level":0.95,"lower_bound":3.0176794574653334,"upper_bound":3.05711398705888},"point_estimate":3.0373192724985327,"standard_error":0.010075687966536228},"std_dev":{"confidence_interval":{"confidence_level":0.95,"lower_bound":0.08475261743293035,"upper_bound":0.14427349375585838},"point_estimate":0.1139517178524219,"standard_error":0.015507022351990302}}