{"mean":{"confidence_interval":{"confidence_level":0.95,"lower_bound":44.42503994404936,"upper_bound":44.8827212115072},"point_estimate":44.649297526620096,"standard_error":0.11676582491480932},"median":{"confidence_interval":{"confidence_level":0.95,"lower_bound":44.167092996816734,"upper_bound":44.84486624354944},"point_estimate":44.44571617559339,"standard_error":0.1900442954727827},"median_abs_dev":{"confidence_interval":{"confidence_level":0.95,"lower_bound":0.8222109593992778,"upper_bound":1.4129780482670886},"point_estimate":1.0132607147699615,"standard_error":0.15624680958285941},"slope":{"confidence_interval":{"confidence_level":0.95,"lower_bound":44.180622483954004,"upper_bound":44.76969434302706},"point_estimate":44.47380782793313,"standard_error":0.14992398739528376},"std_dev":{"confidence_interval":{"confidence_level":0.95,"lower_bound":0.9726464260155347,"upper_bound":1.3509977497051862},"point_estimate":1.1688658849855695,"standard_error":0.0964916425720324}}