{"mean":{"confidence_interval":{"confidence_level":0.95,"lower_bound":2827.1017535408105,"upper_bound":2886.9526441867515},"point_estimate":2853.560959315772,"standard_error":15.333326821831},"median":{"confidence_interval":{"confidence_level":0.95,"lower_bound":2799.3391642371234,"upper_bound":2848.8490879129745},"point_estimate":2814.9582081075987,"standard_error":13.76839080769831},"median_abs_dev":{"confidence_interval":{"confidence_level":0.95,"lower_bound":61.89597095077129,"upper_bound":103.64394695426348},"point_estimate":76.12837002159014,"standard_error":10.387486571762304},"slope":{"confidence_interval":{"confidence_level":0.95,"lower_bound":2817.267280719563,"upper_bound":2855.767187870751},"point_estimate":2836.268088877553,"standard_error":9.827518242979504},"std_dev":{"confidence_interval":{"confidence_level":0.95,"lower_bound":76.37350784892645,"upper_bound":228.6693229792878},"point_estimate":154.20183752643067,"standard_error":41.451853377783976}}